{
  "hosting": {
    "public": ".",
    "ignore": [
      "firebase.json",
      "**/.*",
      "**/node_modules/**"
    ],
    "rewrites": [
      {
        "source": "**",
        "destination": "/index.html"
      }
    ],
    "headers": [
      {
        "source": "**/*.@(js|css|html|png|jpg|jpeg|gif|svg|ico|json)",
        "headers": [
          {
            "key": "Cache-Control",
            "value": "public, max-age=31536000"
          }
        ]
      },
      {
        "source": "**",
        "headers": [
          {
            "key": "X-Content-Type-Options",
            "value": "nosniff"
          },
          {
            "key": "X-Frame-Options",
            "value": "DENY"
          },
          {
            "key": "X-XSS-Protection",
            "value": "1; mode=block"
          }
        ]
      }
    ]
  },
  "firestore": {
    "rules": "firestore.rules",
    "indexes": "firestore.indexes.json"
  },
  "storage": {
    "rules": "storage.rules"
  }
}